Timestamp,Daily RVOL,Rolling RVOL,5-Min RVOL,20-Min RVOL,5-Min Price Change,10-Min Price Change,1-Hour Price Change,24-Hour Price Change,7-Day Price Change,Circulating Supply,24-Hour Volume,Last Price,Market Cap
2025-01-08 00:10:00+00:00,0.85,1.67,1.34,1.01,0.34,-0.05,0.1,-5.25,9.56,57449049415.00,7411735054.81,2.2855,131300771390.05
2025-01-08 00:14:00+00:00,0.85,1.67,1.34,1.01,0.34,0.58,0.55,-4.95,9.88,57449049415.00,7429721395.75,2.2933,131746066141.05
2025-01-08 00:19:00+00:00,0.85,1.68,1.35,1.02,0.76,1.45,1.22,-4.35,10.35,57449049415.00,7481884508.03,2.3106,132744141634.06
2025-01-08 00:24:00+00:00,0.85,1.69,1.35,1.02,-0.09,1.01,0.89,-4.49,10.27,57449049415.00,7534089721.74,2.3086,132624204641.94
2025-01-08 00:29:00+00:00,0.85,1.7,1.35,1.02,-0.11,0.55,0.71,-4.58,10.19,57449049415.00,7566753894.87,2.3059,132473184533.64
2025-01-08 00:34:00+00:00,0.85,1.7,1.34,1.02,0.06,-0.14,0.82,-4.53,9.79,57449049415.00,7583948359.37,2.3073,132554327448.28
2025-01-08 00:39:00+00:00,0.85,1.7,1.34,1.02,0.16,0.11,1.03,-4.55,10.18,57449049415.00,7598584312.21,2.3111,132768755849.77
2025-01-08 00:45:00+00:00,0.85,1.71,1.34,1.02,0.65,0.87,1.75,-3.67,11.01,57449049415.00,7648685689.99,2.3260,133629320909.18
2025-01-08 00:50:00+00:00,0.85,1.72,1.35,1.02,0.0,0.81,2.03,-3.49,10.9,57449049415.00,7683654730.76,2.3261,133629860841.98
2025-01-08 00:55:00+00:00,0.85,1.72,1.34,1.01,-0.15,0.49,2.01,-3.7,10.57,57449049415.00,7692106903.42,2.3225,133425289896.78
2025-01-08 00:59:00+00:00,0.85,1.72,1.34,1.01,0.13,-0.02,2.34,-3.47,10.62,57449049415.00,7707207477.98,2.3255,133596056060.52
2025-01-08 01:04:00+00:00,0.85,1.48,1.33,1.01,-0.06,-0.08,2.11,-3.19,10.55,57449049415.00,7703639520.30,2.3242,133522271441.72
2025-01-08 01:09:00+00:00,0.85,1.47,1.33,1.0,-0.13,-0.06,1.76,-3.22,10.56,57449049415.00,7689789724.28,2.3211,133345662081.52
2025-01-08 01:14:00+00:00,0.85,1.47,1.33,1.0,-0.18,-0.36,1.04,-3.4,10.31,57449049415.00,7690227966.03,2.3170,133110348256.70
2025-01-08 01:19:00+00:00,0.85,1.47,1.33,1.0,-0.01,-0.32,0.26,-3.47,10.49,57449049415.00,7702183658.78,2.3167,133094965616.66
2025-01-08 01:24:00+00:00,0.85,1.47,1.34,1.0,0.17,-0.02,0.52,-3.43,10.76,57449049415.00,7732466119.95,2.3206,133314848997.17
2025-01-08 01:29:00+00:00,0.85,1.47,1.34,1.01,-0.16,-0.01,0.48,-3.56,10.59,57449049415.00,7741961457.42,2.3169,133103305109.25
2025-01-08 01:34:00+00:00,0.85,1.47,1.34,1.01,0.18,0.18,0.59,-3.56,10.67,57449049415.00,7753493160.92,2.3210,133340365122.75
2025-01-08 01:39:00+00:00,0.85,1.47,1.34,1.01,-0.05,-0.03,0.38,-3.56,10.44,57449049415.00,7771180062.05,2.3199,133277902233.20
2025-01-08 01:45:00+00:00,0.85,1.47,1.34,1.01,-0.31,-0.18,-0.57,-3.91,10.16,57449049415.00,7777514647.36,2.3127,132862278579.47
2025-01-08 01:50:00+00:00,0.85,1.47,1.34,1.01,-0.31,-0.67,-0.88,-4.18,9.9,57449049415.00,7781026439.69,2.3056,132451772973.57
2025-01-08 01:54:00+00:00,0.85,1.47,1.34,1.0,-0.07,-0.69,-0.92,-4.35,9.97,57449049415.00,7787823296.22,2.3038,132353364066.56
2025-01-08 01:59:00+00:00,0.85,1.47,1.34,1.01,0.96,0.57,0.02,-3.61,11.14,57449049415.00,7820578115.58,2.3259,133618146939.19
2025-01-08 02:04:00+00:00,0.85,1.48,1.34,1.01,0.15,1.03,0.22,-3.4,11.26,57449049415.00,7845045965.48,2.3293,133814506788.95
2025-01-08 02:09:00+00:00,0.85,1.48,1.34,1.01,0.22,1.32,0.57,-3.06,11.49,57449049415.00,7866698933.14,2.3343,134102653676.02
2025-01-08 02:14:00+00:00,0.85,1.48,1.34,1.01,0.34,0.7,1.09,-2.69,11.73,57449049415.00,7901152481.95,2.3422,134556103060.68
2025-01-08 02:20:00+00:00,0.85,1.48,1.34,1.01,-0.16,0.39,0.9,-2.83,11.69,57449049415.00,7913617071.29,2.3383,134335811199.05
2025-01-08 02:24:00+00:00,0.85,1.48,1.34,1.01,0.24,0.41,1.0,-2.55,12.0,57449049415.00,7926298954.39,2.3439,134653220769.35
2025-01-08 02:29:00+00:00,0.85,1.49,1.35,1.02,0.69,0.76,1.86,-1.71,12.78,57449049415.00,7997030163.57,2.3600,135582315443.81
2025-01-08 02:34:00+00:00,0.85,1.49,1.34,1.02,-0.08,0.84,1.6,-1.72,12.5,57449049415.00,8015144494.58,2.3581,135469571766.48
2025-01-08 02:39:00+00:00,0.85,1.49,1.34,1.01,-0.22,0.38,1.42,-2.0,12.04,57449049415.00,8026643712.18,2.3528,135167299143.74
2025-01-08 02:44:00+00:00,0.85,1.49,1.34,1.01,-0.16,-0.46,1.58,-2.23,11.93,57449049415.00,8041570104.23,2.3492,134956907664.03
2025-01-08 02:49:00+00:00,0.85,1.49,1.34,1.01,-0.11,-0.48,1.8,-2.24,11.88,57449049415.00,8049884011.66,2.3467,134813885663.45
2025-01-08 02:54:00+00:00,0.85,1.49,1.34,1.01,-0.03,-0.29,1.83,-2.21,11.8,57449049415.00,8054443408.55,2.3459,134770594258.40
2025-01-08 03:00:00+00:00,0.85,1.49,1.33,1.0,-0.24,-0.38,0.55,-2.35,11.44,57449049415.00,8055903465.68,2.3403,134450016492.31
2025-01-08 03:05:00+00:00,0.85,1.49,1.34,1.0,-0.46,-0.73,-0.04,-2.84,10.97,57449049415.00,8063894090.96,2.3296,133836144573.77
2025-01-08 03:09:00+00:00,0.85,1.49,1.34,1.0,-0.12,-0.81,-0.32,-3.07,10.84,57449049415.00,8076658611.03,2.3269,133680101083.64
2025-01-08 03:14:00+00:00,0.85,1.49,1.34,1.01,0.1,-0.47,-0.55,-3.09,10.96,57449049415.00,8101072904.78,2.3293,133814611327.51
2025-01-08 03:19:00+00:00,0.85,1.49,1.34,1.01,0.03,0.01,-0.39,-2.99,11.06,57449049415.00,8115275145.41,2.3299,133851593364.29
2025-01-08 03:24:00+00:00,0.85,1.49,1.34,1.01,0.09,0.21,-0.51,-2.89,11.09,57449049415.00,8123874245.57,2.3319,133967114083.04
2025-01-08 03:29:00+00:00,0.85,1.49,1.34,1.01,0.43,0.55,-0.76,-2.43,11.64,57449049415.00,8152687684.70,2.3420,134548402760.40
2025-01-08 03:34:00+00:00,0.85,1.49,1.34,1.01,-0.43,0.09,-1.1,-2.86,11.15,57449049415.00,8153088277.99,2.3320,133973625789.29
2025-01-08 03:39:00+00:00,0.85,1.49,1.34,1.01,-0.01,-0.01,-0.9,-2.89,11.12,57449049415.00,8157611081.90,2.3317,133955769032.58
2025-01-08 03:45:00+00:00,0.85,1.49,1.34,1.01,-0.33,-0.77,-1.05,-3.19,10.65,57449049415.00,8172155391.84,2.3241,133516971866.40
2025-01-08 03:50:00+00:00,0.85,1.49,1.34,1.01,-0.16,-0.5,-1.18,-3.31,10.43,57449049415.00,8183898703.97,2.3204,133302432078.96
2025-01-08 03:54:00+00:00,0.85,1.49,1.34,1.01,0.19,-0.29,-0.9,-3.2,10.6,57449049415.00,8200012082.99,2.3249,133560914936.68
2025-01-08 03:59:00+00:00,0.85,1.49,1.34,1.01,-0.08,-0.04,-0.76,-3.45,10.51,57449049415.00,8213220663.19,2.3231,133458502183.32
2025-01-08 04:04:00+00:00,0.85,1.49,1.33,1.0,-0.26,-0.15,-0.55,-3.82,10.22,57449049415.00,8206295294.66,2.3170,133108595183.78
2025-01-08 04:09:00+00:00,0.85,1.49,1.33,1.0,0.13,-0.21,-0.29,-3.78,10.43,57449049415.00,8212734557.34,2.3201,133286511554.78
2025-01-08 04:14:00+00:00,0.85,1.49,1.34,1.01,0.39,0.26,-0.01,-3.56,10.84,57449049415.00,8238073528.22,2.3290,133799848094.09
2025-01-08 04:19:00+00:00,0.85,1.49,1.34,1.0,-0.22,0.3,-0.26,-3.72,10.75,57449049415.00,8243754969.90,2.3239,133507795035.83
2025-01-08 04:24:00+00:00,0.85,1.49,1.34,1.0,-0.22,-0.06,-0.56,-3.83,10.35,57449049415.00,8250065476.90,2.3188,133211132693.81
2025-01-08 04:29:00+00:00,0.85,1.49,1.34,1.0,-0.1,-0.54,-1.09,-3.84,10.18,57449049415.00,8262160323.76,2.3164,133077692215.30
2025-01-08 04:35:00+00:00,0.85,1.49,1.34,1.01,-0.17,-0.49,-0.82,-4.04,9.9,57449049415.00,8275386364.10,2.3126,132854976006.07
2025-01-08 04:39:00+00:00,0.85,1.49,1.34,1.01,-0.2,-0.46,-1.02,-4.22,9.82,57449049415.00,8289782309.27,2.3080,132593267533.85
2025-01-08 04:44:00+00:00,0.85,1.49,1.34,1.01,0.1,-0.26,-0.58,-4.19,10.05,57449049415.00,8306624812.67,2.3104,132727629436.53
2025-01-08 04:49:00+00:00,0.85,1.49,1.34,1.01,-0.14,-0.23,-0.49,-4.35,9.9,57449049415.00,8316020030.39,2.3071,132542846923.92
2025-01-08 04:53:00+00:00,0.85,1.49,1.34,1.01,0.16,0.13,-0.57,-4.19,10.06,57449049415.00,8330734101.07,2.3109,132761366990.28
2025-01-08 04:59:00+00:00,0.85,1.49,1.34,1.01,-0.02,0.01,-0.54,-4.15,9.97,57449049415.00,8345534163.54,2.3106,132739721379.03
2025-01-08 05:05:00+00:00,0.85,1.49,1.34,1.01,-0.05,0.1,-0.31,-4.12,10.03,57449049415.00,8349872394.03,2.3093,132669433903.29
2025-01-08 05:09:00+00:00,0.85,1.49,1.34,1.01,-0.25,-0.32,-0.71,-4.45,9.51,57449049415.00,8361075343.94,2.3036,132339846376.20
2025-01-08 05:14:00+00:00,0.85,1.49,1.34,1.01,0.57,0.26,-0.53,-3.9,9.71,57449049415.00,8398186306.93,2.3166,133088571797.50
2025-01-08 05:18:00+00:00,0.85,1.49,1.34,1.01,0.1,0.41,-0.34,-3.81,9.64,57449049415.00,8417754485.14,2.3189,133220011426.66
2025-01-08 05:24:00+00:00,0.85,1.5,1.34,1.01,0.05,0.72,0.06,-3.87,9.52,57449049415.00,8438231972.02,2.3202,133292011108.56
2025-01-08 05:29:00+00:00,0.85,1.49,1.34,1.01,0.06,0.21,0.22,-3.92,9.48,57449049415.00,8439380156.04,2.3215,133367288615.34
2025-01-08 05:35:00+00:00,0.85,1.49,1.34,1.01,-0.14,-0.03,0.24,-4.04,8.97,57449049415.00,8448209411.74,2.3182,133175914506.83
2025-01-08 05:40:00+00:00,0.85,1.49,1.33,1.01,-0.0,-0.09,0.21,-4.08,8.85,57449049415.00,8452151551.87,2.3181,133172250158.56
2025-01-08 05:45:00+00:00,0.85,1.49,1.33,1.0,-0.12,-0.26,0.23,-4.15,8.31,57449049415.00,8453460925.91,2.3154,133015360624.04
2025-01-08 05:49:00+00:00,0.85,1.49,1.33,1.0,-0.19,-0.31,0.16,-4.4,7.91,57449049415.00,8454397768.05,2.3109,132757786210.51
2025-01-08 05:53:00+00:00,0.85,1.49,1.33,1.0,-0.19,-0.5,-0.19,-4.71,7.96,57449049415.00,8450013748.14,2.3066,132509869369.31
2025-01-08 05:59:00+00:00,0.85,1.48,1.33,1.0,-0.28,-0.66,-0.45,-5.3,7.9,57449049415.00,8451340418.81,2.3001,132137968679.74
2025-01-08 06:04:00+00:00,0.85,1.48,1.33,1.0,0.19,-0.27,-0.24,-5.05,7.98,57449049415.00,8435653536.79,2.3045,132393269339.05
2025-01-08 06:09:00+00:00,0.85,1.48,1.33,1.0,0.18,0.09,0.22,-5.0,8.37,57449049415.00,8446046636.92,2.3087,132631278862.74
2025-01-08 06:15:00+00:00,0.85,1.47,1.33,1.0,0.04,0.41,-0.3,-5.15,8.42,57449049415.00,8427100403.00,2.3096,132683370694.62
2025-01-08 06:20:00+00:00,0.85,1.47,1.33,1.0,-0.27,-0.05,-0.76,-5.4,7.94,57449049415.00,8422323597.49,2.3033,132322092489.96
2025-01-08 06:24:00+00:00,0.85,1.47,1.33,1.0,-0.08,-0.31,-0.8,-5.45,7.79,57449049415.00,8427382015.74,2.3016,132222139853.81
2025-01-08 06:29:00+00:00,0.85,1.47,1.33,1.0,-0.22,-0.57,-1.08,-5.53,7.43,57449049415.00,8430427903.29,2.2964,131926936856.62
2025-01-08 06:33:00+00:00,0.85,1.47,1.33,1.0,-0.04,-0.34,-1.05,-5.59,7.46,57449049415.00,8431283791.22,2.2954,131869255300.21
2025-01-08 06:39:00+00:00,0.85,1.47,1.34,1.0,0.07,-0.19,-0.94,-5.69,7.72,57449049415.00,8453549658.95,2.2971,131966778828.25
2025-01-08 06:44:00+00:00,0.85,1.47,1.34,1.0,-0.2,-0.17,-0.98,-5.92,7.49,57449049415.00,8467979714.70,2.2925,131700289543.79
2025-01-08 06:50:00+00:00,0.85,1.47,1.34,1.0,-0.26,-0.38,-1.05,-6.41,7.2,57449049415.00,8473322959.60,2.2866,131363964293.67
2025-01-08 06:55:00+00:00,0.85,1.47,1.34,1.0,-0.38,-0.84,-1.09,-6.75,6.58,57449049415.00,8479622605.02,2.2778,130858649696.37
2025-01-08 06:59:00+00:00,0.85,1.47,1.34,1.0,-0.37,-1.01,-1.33,-7.19,6.12,57449049415.00,8489203583.90,2.2694,130374047789.44
2025-01-08 07:04:00+00:00,0.85,1.47,1.34,1.01,0.1,-0.65,-1.43,-6.96,6.41,57449049415.00,8504737897.48,2.2717,130504937369.94
2025-01-08 07:09:00+00:00,0.85,1.47,1.34,1.01,0.5,0.23,-1.11,-6.48,7.06,57449049415.00,8545275476.74,2.2830,131155654824.21
2025-01-08 07:14:00+00:00,0.85,1.47,1.34,1.01,0.15,0.75,-0.97,-6.28,7.38,57449049415.00,8566476341.74,2.2864,131350532085.38
2025-01-08 07:18:00+00:00,0.85,1.47,1.34,1.01,-0.28,0.37,-1.27,-6.57,7.05,57449049415.00,8569480396.92,2.2801,130988750562.93
2025-01-08 07:25:00+00:00,0.85,1.47,1.34,1.01,-0.05,-0.18,-0.93,-6.5,6.96,57449049415.00,8581293321.62,2.2789,130920099753.63
2025-01-08 07:29:00+00:00,0.85,1.47,1.34,1.01,-0.2,-0.53,-0.96,-6.65,6.63,57449049415.00,8584701311.70,2.2743,130657889240.93
2025-01-08 07:34:00+00:00,0.85,1.47,1.34,1.01,0.29,0.03,-0.69,-6.33,6.92,57449049415.00,8594836218.73,2.2808,131030297484.54
2025-01-08 07:39:00+00:00,0.85,1.47,1.34,1.01,-0.44,-0.35,-1.14,-6.59,6.55,57449049415.00,8610014883.15,2.2708,130457533934.70
2025-01-08 07:43:00+00:00,0.85,1.47,1.34,1.0,0.06,-0.09,-0.9,-6.58,6.69,57449049415.00,8620693041.59,2.2722,130537506359.33
2025-01-08 07:49:00+00:00,0.85,1.47,1.34,1.01,0.18,-0.2,-0.49,-6.39,6.97,57449049415.00,8641995894.58,2.2763,130774120131.01
2025-01-08 07:54:00+00:00,0.85,1.47,1.34,1.01,0.29,0.53,0.04,-6.04,7.35,57449049415.00,8653575398.90,2.2829,131151627805.32
2025-01-08 08:00:00+00:00,0.85,1.48,1.34,1.01,0.24,0.72,0.88,-5.75,7.78,57449049415.00,8676596004.33,2.2885,131471470276.86
2025-01-08 08:04:00+00:00,0.85,1.48,1.34,1.01,0.38,0.92,1.12,-5.52,8.18,57449049415.00,8679602992.27,2.2972,131970959571.84
2025-01-08 08:09:00+00:00,0.85,1.48,1.34,1.01,0.18,0.8,0.8,-5.56,8.16,57449049415.00,8696992103.52,2.3012,132203128717.99
2025-01-08 08:14:00+00:00,0.85,1.48,1.34,1.01,0.2,0.76,0.85,-5.35,8.37,57449049415.00,8710505417.55,2.3058,132467900151.62
2025-01-08 08:19:00+00:00,0.85,1.48,1.34,1.01,0.44,0.82,1.77,-5.03,8.96,57449049415.00,8727084058.14,2.3161,133054910649.61
2025-01-08 08:24:00+00:00,0.85,1.48,1.34,1.01,-0.02,0.63,1.49,-5.09,8.95,57449049415.00,8767622963.29,2.3157,133032113265.66
2025-01-08 08:30:00+00:00,0.85,1.48,1.34,1.01,0.14,0.57,1.93,-5.0,9.49,57449049415.00,8790006222.33,2.3190,133224988806.03
2025-01-08 08:35:00+00:00,0.85,1.48,1.34,1.01,0.12,0.25,1.81,-5.26,9.58,57449049415.00,8773887181.00,2.3218,133383102671.55
2025-01-08 08:39:00+00:00,0.85,1.48,1.33,1.01,0.25,0.51,2.49,-4.91,9.91,57449049415.00,8785005738.62,2.3275,133711754456.62
2025-01-08 08:42:00+00:00,0.85,1.48,1.34,1.01,0.13,0.5,2.63,-4.66,10.07,57449049415.00,8802147928.30,2.3306,133890952382.57
2025-01-08 08:49:00+00:00,0.85,1.48,1.34,1.01,-0.17,0.21,2.21,-4.8,10.24,57449049415.00,8813456760.28,2.3267,133668092567.55
2025-01-08 08:54:00+00:00,0.85,1.48,1.34,1.0,-0.07,-0.1,1.85,-4.85,10.13,57449049415.00,8822174766.35,2.3251,133574345950.97
2025-01-08 08:59:00+00:00,0.85,1.48,1.34,1.0,0.11,-0.13,1.69,-4.67,10.39,57449049415.00,8836082684.07,2.3275,133715129892.04
2025-01-08 09:05:00+00:00,0.85,1.48,1.34,1.0,-0.12,-0.09,1.15,-4.84,10.16,57449049415.00,8843982163.09,2.3247,133553737407.15
2025-01-08 09:09:00+00:00,0.85,1.48,1.34,1.0,0.1,0.09,1.12,-4.68,10.43,57449049415.00,8848792464.71,2.3271,133689205787.71
2025-01-08 09:14:00+00:00,0.85,1.48,1.34,1.0,0.04,0.02,0.96,-4.62,10.64,57449049415.00,8858479528.95,2.3279,133736137051.04
2025-01-08 09:19:00+00:00,0.85,1.48,1.33,1.0,0.09,0.23,0.6,-4.61,10.99,57449049415.00,8859684582.02,2.3301,133859585475.73
2025-01-08 09:24:00+00:00,0.85,1.48,1.33,1.0,-0.03,0.09,0.59,-4.6,11.19,57449049415.00,8860204224.33,2.3293,133815513349.62
2025-01-08 09:30:00+00:00,0.85,1.47,1.33,1.0,-0.07,-0.01,0.37,-4.71,11.24,57449049415.00,8858940339.75,2.3276,133716673720.31
2025-01-08 09:34:00+00:00,0.85,1.47,1.33,1.0,-0.29,-0.4,0.0,-5.15,10.66,57449049415.00,8850709173.98,2.3207,133324243397.21
2025-01-08 09:39:00+00:00,0.85,1.47,1.33,1.0,-0.22,-0.59,-0.51,-5.34,10.73,57449049415.00,8849245351.38,2.3156,133029087000.80
2025-01-08 09:43:00+00:00,0.85,1.47,1.33,1.0,0.12,-0.4,-0.51,-5.23,10.82,57449049415.00,8855344634.72,2.3183,133184597500.92
2025-01-08 09:49:00+00:00,0.85,1.47,1.33,1.0,0.08,-0.02,-0.28,-4.88,10.74,57449049415.00,8860597963.55,2.3203,133296184358.10
2025-01-08 09:54:00+00:00,0.85,1.47,1.33,1.0,-0.1,0.1,-0.31,-5.16,10.39,57449049415.00,8859272140.65,2.3179,133163614052.19
2025-01-08 09:59:00+00:00,0.85,1.46,1.33,1.0,-0.25,-0.27,-0.66,-5.56,10.09,57449049415.00,8850879239.37,2.3121,132830179648.67
2025-01-08 10:05:00+00:00,0.85,1.46,1.33,1.0,0.17,-0.18,-0.37,-5.2,9.9,57449049415.00,8849576299.34,2.3161,133060175107.21
2025-01-08 10:09:00+00:00,0.85,1.46,1.33,1.0,0.05,-0.03,-0.42,-5.18,9.94,57449049415.00,8854678086.87,2.3172,133121975553.94
2025-01-08 10:14:00+00:00,0.85,1.46,1.33,1.0,-0.21,0.01,-0.66,-5.29,9.81,57449049415.00,8848311193.81,2.3125,132848843973.91
2025-01-08 10:19:00+00:00,0.85,1.46,1.33,1.0,0.41,0.25,-0.35,-4.92,10.24,57449049415.00,8859443958.77,2.3219,133392296461.20
2025-01-08 10:24:00+00:00,0.85,1.46,1.34,1.0,0.14,0.34,-0.18,-4.87,10.37,57449049415.00,8884068554.73,2.3251,133577276753.36
2025-01-08 10:28:00+00:00,0.85,1.46,1.34,1.0,0.21,0.76,0.09,-4.72,10.69,57449049415.00,8894067646.30,2.3300,133855676524.58
2025-01-08 10:34:00+00:00,0.85,1.46,1.34,1.01,0.1,0.45,0.5,-4.57,10.49,57449049415.00,8924459185.59,2.3323,133986484808.08
2025-01-08 10:39:00+00:00,0.85,1.46,1.34,1.01,-0.21,0.09,0.51,-4.77,10.31,57449049415.00,8930867867.71,2.3273,133703206748.17
2025-01-08 10:44:00+00:00,0.85,1.46,1.34,1.0,0.01,-0.1,0.41,-4.94,10.42,57449049415.00,8928671073.44,2.3277,133722969016.48
2025-01-08 10:48:00+00:00,0.85,1.46,1.33,1.0,-0.18,-0.37,0.14,-5.23,10.22,57449049415.00,8914080360.60,2.3235,133485042224.97
2025-01-08 10:54:00+00:00,0.85,1.45,1.33,1.0,0.15,-0.02,0.39,-5.37,10.43,57449049415.00,8893920698.89,2.3270,133681089765.03
2025-01-08 10:59:00+00:00,0.85,1.44,1.33,0.99,0.05,0.02,0.69,-5.25,10.56,57449049415.00,8859542826.77,2.3282,133752792223.16
2025-01-08 11:04:00+00:00,0.85,1.44,1.32,0.99,-0.02,0.18,0.51,-5.13,10.71,57449049415.00,8819176741.29,2.3277,133722173716.50
2025-01-08 11:09:00+00:00,0.85,1.43,1.33,0.99,-0.0,0.03,0.45,-5.17,10.61,57449049415.00,8810029165.72,2.3276,133720960694.94
2025-01-08 11:15:00+00:00,0.85,1.43,1.33,0.99,-0.3,-0.33,0.34,-5.32,10.06,57449049415.00,8788533683.88,2.3205,133313323587.15
2025-01-08 11:19:00+00:00,0.85,1.43,1.33,0.99,-0.01,-0.31,-0.07,-5.3,9.45,57449049415.00,8790486907.04,2.3204,133303617470.05
2025-01-08 11:24:00+00:00,0.85,1.43,1.33,0.99,0.02,-0.29,-0.19,-5.18,9.07,57449049415.00,8792435208.01,2.3208,133329184040.58
2025-01-08 11:29:00+00:00,0.85,1.43,1.33,1.0,0.11,0.12,-0.35,-4.96,9.27,57449049415.00,8799066518.41,2.3233,133469886037.30
2025-01-08 11:34:00+00:00,0.85,1.42,1.33,1.0,-0.27,-0.15,-0.65,-5.13,9.06,57449049415.00,8797268848.74,2.3170,133108987021.53
2025-01-08 11:39:00+00:00,0.85,1.42,1.33,1.0,-0.23,-0.39,-0.67,-4.94,8.88,57449049415.00,8797293276.64,2.3117,132802600223.27
2025-01-08 11:45:00+00:00,0.85,1.42,1.33,1.0,-0.25,-0.75,-0.92,-4.74,8.03,57449049415.00,8761864386.41,2.3058,132466371480.54
2025-01-08 11:50:00+00:00,0.85,1.41,1.33,0.99,0.36,-0.12,-0.29,-4.02,8.39,57449049415.00,8738608685.46,2.3141,132942922935.42
2025-01-08 11:54:00+00:00,0.85,1.41,1.33,1.0,0.17,0.28,-0.38,-4.02,8.65,57449049415.00,8740230900.07,2.3180,133169605156.09
2025-01-08 11:58:00+00:00,0.85,1.41,1.33,1.0,0.17,0.7,-0.27,-4.06,8.88,57449049415.00,8738263515.57,2.3219,133390285863.72
2025-01-08 12:03:00+00:00,0.85,1.41,1.33,1.0,0.08,0.41,-0.2,-4.04,9.08,57449049415.00,8732544548.85,2.3237,133493655803.65
2025-01-08 12:09:00+00:00,0.85,1.41,1.34,1.0,0.56,0.81,0.39,-3.68,9.44,57449049415.00,8763047471.30,2.3367,134242174103.18
2025-01-08 12:15:00+00:00,0.85,1.43,1.36,1.02,1.07,1.72,1.78,-2.65,10.59,57449049415.00,8906384752.73,2.3618,135682960664.00
2025-01-08 12:18:00+00:00,0.85,1.43,1.35,1.02,-0.16,1.48,1.71,-2.83,10.26,57449049415.00,8932815778.54,2.3580,135467565953.41
2025-01-08 12:24:00+00:00,0.85,1.44,1.35,1.02,-0.09,0.82,1.51,-2.8,9.5,57449049415.00,8979855973.76,2.3560,135347513316.37
2025-01-08 12:29:00+00:00,0.85,1.44,1.34,1.02,-0.25,-0.5,1.15,-2.91,8.7,57449049415.00,8998793371.28,2.3500,135003999459.55
2025-01-08 12:33:00+00:00,0.85,1.44,1.34,1.02,-0.22,-0.56,1.05,-2.98,8.74,57449049415.00,8999741649.77,2.3447,134702463601.26
2025-01-08 12:39:00+00:00,0.85,1.44,1.34,1.01,-0.47,-0.95,0.95,-3.56,8.31,57449049415.00,9025742270.43,2.3336,134062815045.40
2025-01-08 12:43:00+00:00,0.85,1.44,1.34,1.01,-0.03,-0.73,1.17,-3.59,8.31,57449049415.00,9034615296.74,2.3329,134023708566.01
2025-01-08 12:49:00+00:00,0.85,1.44,1.34,1.01,-0.51,-1.01,0.33,-4.04,7.79,57449049415.00,9045725805.74,2.3211,133345634163.92
2025-01-08 12:55:00+00:00,0.85,1.45,1.34,1.01,-0.14,-0.67,-0.11,-4.21,7.14,57449049415.00,9081660941.81,2.3179,133162525691.58
2025-01-08 12:59:00+00:00,0.85,1.45,1.34,1.01,-0.12,-0.76,-0.35,-4.2,6.88,57449049415.00,9097534591.34,2.3151,133000921657.41
2025-01-08 13:04:00+00:00,0.85,1.45,1.34,1.01,0.69,0.43,0.33,-3.59,7.46,57449049415.00,9114576742.97,2.3312,133923584731.54
2025-01-08 13:08:00+00:00,0.85,1.45,1.34,1.01,-0.08,0.49,-0.25,-3.68,7.13,57449049415.00,9146232173.21,2.3294,133819821495.02
2025-01-08 13:14:00+00:00,0.85,1.45,1.34,1.01,-0.08,0.54,-1.51,-3.73,7.1,57449049415.00,9164957769.22,2.3276,133715959181.17
2025-01-08 13:19:00+00:00,0.85,1.46,1.34,1.01,0.16,0.01,-0.93,-3.58,7.21,57449049415.00,9188771728.46,2.3313,133930482437.91
2025-01-08 13:25:00+00:00,0.85,1.46,1.34,1.01,-0.04,0.04,-1.14,-3.79,7.41,57449049415.00,9205568402.01,2.3303,133874731006.63
2025-01-08 13:29:00+00:00,0.85,1.46,1.34,1.01,0.03,0.15,-0.8,-3.88,7.56,57449049415.00,9221554617.93,2.3311,133919646240.63
2025-01-08 13:33:00+00:00,0.85,1.46,1.34,1.01,-0.27,-0.27,-0.84,-4.07,7.41,57449049415.00,9224222755.28,2.3249,133564294134.09
2025-01-08 13:39:00+00:00,0.85,1.46,1.34,1.01,-0.01,-0.24,-0.38,-4.01,7.52,57449049415.00,9235289849.07,2.3248,133555590102.02
2025-01-08 13:42:00+00:00,0.85,1.46,1.34,1.0,-0.01,-0.28,-0.39,-4.12,7.63,57449049415.00,9239420284.11,2.3246,133545518030.20
2025-01-08 13:49:00+00:00,0.85,1.46,1.33,1.0,-0.17,-0.18,-0.02,-4.46,7.43,57449049415.00,9238559384.35,2.3207,133322839444.21
2025-01-08 13:55:00+00:00,0.85,1.45,1.33,1.0,-0.17,-0.34,-0.05,-4.46,7.27,57449049415.00,9238876094.05,2.3169,133101425032.36
2025-01-08 14:00:00+00:00,0.85,1.45,1.33,1.0,0.03,-0.31,0.12,-4.42,7.26,57449049415.00,9246447645.59,2.3175,133136791110.30
2025-01-08 14:04:00+00:00,0.85,1.45,1.33,1.0,0.14,-0.0,-0.45,-4.51,6.95,57449049415.00,9234945644.81,2.3206,133318782722.32
2025-01-08 14:09:00+00:00,0.85,1.45,1.34,1.0,0.32,0.49,-0.03,-4.43,7.08,57449049415.00,9261177901.18,2.3281,133749056077.11
2025-01-08 14:14:00+00:00,0.85,1.45,1.33,1.0,-0.22,0.24,-0.2,-4.54,6.69,57449049415.00,9247779203.51,2.3230,133454557054.55
2025-01-08 14:18:00+00:00,0.85,1.45,1.33,1.0,0.13,0.23,-0.3,-4.28,6.85,57449049415.00,9254805602.29,2.3261,133629643389.52
2025-01-08 14:24:00+00:00,0.85,1.45,1.33,1.0,-0.08,-0.17,-0.15,-4.55,7.0,57449049415.00,9256285628.48,2.3242,133522900057.84
2025-01-08 14:30:00+00:00,0.85,1.45,1.33,1.0,0.04,0.09,-0.21,-4.64,7.31,57449049415.00,9260258263.20,2.3252,133580427505.20
2025-01-08 14:34:00+00:00,0.85,1.45,1.33,1.0,-0.22,-0.25,-0.08,-4.79,7.28,57449049415.00,9262054770.29,2.3202,133290837988.73
2025-01-08 14:39:00+00:00,0.85,1.45,1.34,1.0,0.58,0.4,0.38,-3.85,7.74,57449049415.00,9292764701.01,2.3335,134058174654.33
2025-01-08 14:42:00+00:00,0.85,1.45,1.34,1.0,-0.26,0.09,0.12,-4.22,7.43,57449049415.00,9293675891.70,2.3274,133704312086.64
2025-01-08 14:49:00+00:00,0.85,1.45,1.34,1.0,-0.28,0.03,0.01,-4.53,6.89,57449049415.00,9310137354.81,2.3209,133331093966.45
2025-01-08 14:54:00+00:00,0.85,1.45,1.34,1.0,-0.01,-0.55,0.02,-4.37,6.91,57449049415.00,9320060086.31,2.3207,133319835909.57
2025-01-08 14:59:00+00:00,0.85,1.45,1.33,1.0,-0.23,-0.52,-0.11,-3.89,6.64,57449049415.00,9306844786.60,2.3153,133013762678.80
2025-01-08 15:05:00+00:00,0.85,1.4,1.29,0.97,0.49,0.25,0.23,-2.68,7.25,57449049415.00,9025702432.31,2.3266,133662941693.77
2025-01-08 15:08:00+00:00,0.85,1.4,1.3,0.97,0.45,0.71,0.38,-1.56,7.84,57449049415.00,8998682523.45,2.3372,134268664893.73
2025-01-08 15:14:00+00:00,0.85,1.36,1.28,0.95,-0.5,0.44,0.1,-1.4,7.48,57449049415.00,8760773010.94,2.3254,133593366652.06
2025-01-08 15:18:00+00:00,0.85,1.33,1.28,0.94,-0.51,-0.56,-0.54,-0.96,6.88,57449049415.00,8591365488.83,2.3136,132914048420.24
2025-01-08 15:24:00+00:00,0.85,1.29,1.27,0.92,-0.39,-1.39,-0.84,-1.11,6.08,57449049415.00,8353092225.70,2.3046,132399871212.61
2025-01-08 15:29:00+00:00,0.85,1.28,1.29,0.93,-0.3,-1.19,-1.17,-1.94,5.72,57449049415.00,8262458543.61,2.2978,132008962873.97
2025-01-08 15:35:00+00:00,0.85,1.27,1.31,0.94,-0.34,-1.02,-1.35,-1.96,5.34,57449049415.00,8224009300.39,2.2901,131561540457.43
2025-01-08 15:38:00+00:00,0.85,1.27,1.32,0.95,0.03,-0.6,-1.88,-1.79,5.43,57449049415.00,8197104016.26,2.2909,131607448438.62
2025-01-08 15:43:00+00:00,0.85,1.26,1.32,0.96,-0.27,-0.58,-1.65,-1.05,4.86,57449049415.00,8137277379.13,2.2846,131247044903.51
2025-01-08 15:49:00+00:00,0.85,1.22,1.29,0.94,0.28,0.04,-1.28,-0.2,3.73,57449049415.00,7895149832.34,2.2910,131618213828.97
2025-01-08 15:53:00+00:00,0.85,1.2,1.29,0.95,0.3,0.31,-0.99,-0.61,3.83,57449049415.00,7796369326.19,2.2979,132013672971.23
2025-01-08 15:59:00+00:00,0.85,1.19,1.29,0.95,0.24,0.82,-0.52,-0.76,3.7,57449049415.00,7709648628.87,2.3034,132325562913.75
2025-01-08 16:05:00+00:00,0.85,1.17,1.3,0.95,-0.01,0.53,-1.01,-0.52,3.33,57449049415.00,7613780558.52,2.3031,132310654089.67
2025-01-08 16:10:00+00:00,0.85,1.17,1.31,0.96,0.04,0.27,-1.3,-0.41,2.63,57449049415.00,7594945786.38,2.3041,132369239002.65
2025-01-08 16:14:00+00:00,0.85,1.17,1.32,0.97,0.23,0.26,-0.69,-0.06,2.69,57449049415.00,7582351887.07,2.3095,132676008786.87
2025-01-08 16:18:00+00:00,0.85,1.16,1.33,0.97,-0.23,0.05,-0.4,-0.61,2.4,57449049415.00,7560204855.05,2.3042,132376315695.87
2025-01-08 16:24:00+00:00,0.85,1.16,1.33,0.98,-0.24,-0.23,-0.25,-1.31,1.5,57449049415.00,7537620846.48,2.2988,132064807962.47
2025-01-08 16:29:00+00:00,0.85,1.15,1.32,0.98,-0.13,-0.59,-0.09,-1.93,1.07,57449049415.00,7505057148.62,2.2958,131890282784.58
2025-01-08 16:34:00+00:00,0.85,1.15,1.32,0.98,0.11,-0.26,0.34,-1.87,1.08,57449049415.00,7466904671.80,2.2982,132029644707.93
2025-01-08 16:40:00+00:00,0.85,1.15,1.32,0.99,0.13,0.1,0.45,-1.63,1.9,57449049415.00,7446010639.00,2.3012,132201611121.94
2025-01-08 16:45:00+00:00,0.85,1.14,1.33,0.99,-0.14,0.1,0.6,-1.72,1.95,57449049415.00,7436859758.79,2.2981,132022302965.48
2025-01-08 16:48:00+00:00,0.85,1.14,1.33,0.99,-0.2,-0.2,0.28,-1.86,1.69,57449049415.00,7428122420.70,2.2935,131761103574.72
2025-01-08 16:53:00+00:00,0.85,1.14,1.33,0.99,-0.39,-0.72,-0.58,-1.97,1.13,57449049415.00,7423968948.27,2.2845,131245225173.07
2025-01-08 16:59:00+00:00,0.85,1.14,1.33,1.0,-0.25,-0.84,-1.07,-1.99,0.83,57449049415.00,7435730120.04,2.2788,130913701920.92
2025-01-08 17:04:00+00:00,0.85,1.13,1.33,0.99,0.01,-0.64,-1.04,-1.72,1.44,57449049415.00,7386858538.74,2.2789,130921069455.85
2025-01-08 17:09:00+00:00,0.85,1.14,1.33,1.0,-0.32,-0.57,-1.3,-2.17,1.91,57449049415.00,7398784918.13,2.2715,130497225289.11
2025-01-08 17:14:00+00:00,0.85,1.14,1.34,1.0,-0.63,-0.94,-2.26,-2.84,1.53,57449049415.00,7436181493.20,2.2573,129680274050.05
2025-01-08 17:19:00+00:00,0.85,1.15,1.35,1.01,-0.28,-1.22,-2.2,-3.03,1.5,57449049415.00,7487022583.28,2.2510,129317553837.58
2025-01-08 17:25:00+00:00,0.85,1.16,1.36,1.02,-0.82,-1.71,-2.92,-3.59,0.38,57449049415.00,7579383823.70,2.2326,128259561933.45
2025-01-08 17:30:00+00:00,0.85,1.18,1.36,1.03,-0.38,-1.47,-3.13,-3.82,-0.13,57449049415.00,7674153424.36,2.2240,127768537503.26
2025-01-08 17:34:00+00:00,0.85,1.19,1.36,1.03,0.17,-1.03,-3.06,-3.44,-0.27,57449049415.00,7740920470.96,2.2278,127986976313.27
2025-01-08 17:39:00+00:00,0.85,1.2,1.36,1.04,-0.5,-0.71,-3.55,-3.95,-1.07,57449049415.00,7823077066.49,2.2166,127342764008.16
2025-01-08 17:43:00+00:00,0.85,1.2,1.35,1.04,1.42,1.09,-2.25,-2.84,0.18,57449049415.00,7863875673.11,2.2482,129157214710.62
2025-01-08 17:49:00+00:00,0.85,1.22,1.36,1.04,0.37,1.29,-1.58,-1.73,0.4,57449049415.00,7954684664.43,2.2565,129631732277.26
2025-01-08 17:54:00+00:00,0.85,1.22,1.35,1.03,0.69,2.5,-0.57,-1.21,0.82,57449049415.00,7992387508.45,2.2721,130529068577.49
2025-01-08 17:59:00+00:00,0.85,1.23,1.35,1.03,0.4,1.46,0.1,-0.87,1.23,57449049415.00,8024953879.04,2.2811,131048477892.81
2025-01-08 18:04:00+00:00,0.85,1.23,1.34,1.02,0.28,1.38,0.38,-0.69,1.61,57449049415.00,8015632783.23,2.2875,131417135312.86
2025-01-08 18:08:00+00:00,0.85,1.23,1.34,1.02,0.4,1.09,1.11,-0.51,1.95,57449049415.00,8045468003.26,2.2968,131948630132.16
2025-01-08 18:15:00+00:00,0.85,1.24,1.34,1.02,0.28,0.97,2.13,-0.32,2.18,57449049415.00,8092435399.18,2.3032,132319197164.54
2025-01-08 18:18:00+00:00,0.85,1.24,1.34,1.02,0.21,0.9,2.72,0.05,1.97,57449049415.00,8119412428.52,2.3082,132603447322.44
2025-01-08 18:24:00+00:00,0.85,1.25,1.35,1.02,0.59,1.09,3.71,0.7,2.36,57449049415.00,8177122985.32,2.3218,133387427736.94
2025-01-08 18:29:00+00:00,0.85,1.25,1.35,1.02,0.4,1.21,4.75,1.25,2.73,57449049415.00,8223544836.15,2.3312,133925851825.59
2025-01-08 18:34:00+00:00,0.85,1.26,1.34,1.02,-0.5,0.49,4.11,1.27,0.8,57449049415.00,8239161998.03,2.3195,133253637973.56
2025-01-08 18:39:00+00:00,0.85,1.26,1.34,1.01,-0.14,-0.24,4.5,1.19,0.86,57449049415.00,8246514628.46,2.3164,133073494248.57
2025-01-08 18:42:00+00:00,0.85,1.26,1.34,1.01,0.11,-0.53,4.15,1.47,0.88,57449049415.00,8250993418.94,2.3189,133219246901.38
2025-01-08 18:50:00+00:00,0.85,1.25,1.33,1.0,-0.27,-0.29,2.23,1.45,0.15,57449049415.00,8225331421.15,2.3127,132864062902.01
2025-01-08 18:54:00+00:00,0.85,1.25,1.33,1.0,-0.2,-0.36,1.58,0.9,-0.24,57449049415.00,8218309277.46,2.3080,132594013415.73
2025-01-08 18:59:00+00:00,0.85,1.25,1.33,1.0,-0.48,-0.94,0.7,0.05,-0.98,57449049415.00,8219837768.21,2.2970,131961292710.86
2025-01-08 19:04:00+00:00,0.85,1.25,1.33,1.0,0.11,-0.57,0.52,0.12,-0.77,57449049415.00,8214199387.98,2.2995,132105305440.88
2025-01-08 19:09:00+00:00,0.85,1.25,1.34,1.0,0.71,0.34,0.79,1.13,0.04,57449049415.00,8252103546.79,2.3159,133047750745.56
2025-01-08 19:14:00+00:00,0.85,1.26,1.34,1.01,0.07,0.89,0.59,0.98,-0.35,57449049415.00,8287045652.66,2.3175,133138748965.63
2025-01-08 19:19:00+00:00,0.85,1.26,1.34,1.01,0.05,0.84,0.07,1.21,0.22,57449049415.00,8295450972.69,2.3187,133209089974.32
2025-01-08 19:24:00+00:00,0.85,1.26,1.34,1.01,0.05,0.17,-0.09,1.42,0.66,57449049415.00,8306244380.10,2.3198,133269724600.24
2025-01-08 19:28:00+00:00,0.85,1.26,1.34,1.01,0.22,0.32,-0.15,1.61,1.03,57449049415.00,8319147371.34,2.3250,133567667611.55
2025-01-08 19:35:00+00:00,0.85,1.26,1.34,1.01,-0.23,0.03,0.04,1.31,1.08,57449049415.00,8340713727.31,2.3195,133255172780.25
2025-01-08 19:40:00+00:00,0.85,1.26,1.34,1.01,-0.35,-0.36,-0.32,1.32,0.66,57449049415.00,8344221580.66,2.3115,132794229200.45
2025-01-08 19:45:00+00:00,0.85,1.26,1.33,1.0,-0.09,-0.67,-0.46,1.42,0.11,57449049415.00,8312575528.04,2.3093,132669685679.17
2025-01-08 19:50:00+00:00,0.85,1.26,1.33,1.0,0.27,-0.17,0.13,1.66,-0.14,57449049415.00,8302188567.74,2.3156,133031473098.40
2025-01-08 19:53:00+00:00,0.85,1.26,1.33,1.0,0.18,0.36,0.47,2.04,0.14,57449049415.00,8306401859.61,2.3198,133268542251.63
2025-01-08 19:59:00+00:00,0.85,1.25,1.33,1.0,-0.04,0.41,0.95,1.72,0.4,57449049415.00,8299808397.09,2.3188,133211713695.22
2025-01-08 20:04:00+00:00,0.85,1.25,1.33,0.99,-0.05,0.09,0.79,1.84,0.46,57449049415.00,8255499201.00,2.3177,133149056655.28
2025-01-08 20:08:00+00:00,0.85,1.24,1.33,0.99,-0.03,-0.12,0.07,1.36,0.62,57449049415.00,8245431233.23,2.3170,133108791888.60
2025-01-08 20:14:00+00:00,0.85,1.24,1.33,0.99,-0.57,-0.65,-0.59,0.83,0.01,57449049415.00,8232446777.06,2.3038,132348337627.84
2025-01-08 20:19:00+00:00,0.85,1.24,1.33,0.99,-0.05,-0.65,-0.7,0.69,-0.13,57449049415.00,8234200088.28,2.3026,132282305779.75
2025-01-08 20:24:00+00:00,0.85,1.24,1.33,1.0,0.42,-0.2,-0.32,1.13,0.21,57449049415.00,8247063638.27,2.3123,132839715449.24
2025-01-08 20:29:00+00:00,0.85,1.24,1.33,1.0,0.05,0.42,-0.49,1.1,0.3,57449049415.00,8244662617.86,2.3134,132905203863.22
2025-01-08 20:35:00+00:00,0.85,1.24,1.33,1.0,0.09,0.56,-0.17,1.13,0.62,57449049415.00,8243516835.60,2.3155,133024619593.65
2025-01-08 20:40:00+00:00,0.85,1.24,1.33,1.0,0.1,0.23,0.27,1.53,0.92,57449049415.00,8241775370.26,2.3177,133151624706.85
2025-01-08 20:45:00+00:00,0.85,1.24,1.33,1.0,0.15,0.34,0.52,1.88,1.02,57449049415.00,8246970242.27,2.3212,133353568275.28
2025-01-08 20:49:00+00:00,0.85,1.24,1.33,1.0,0.19,0.44,0.47,2.64,1.05,57449049415.00,8232025486.21,2.3258,133612915717.65
2025-01-08 20:54:00+00:00,0.85,1.24,1.33,1.0,0.03,0.38,0.31,2.36,1.14,57449049415.00,8231269083.06,2.3264,133651743027.96
2025-01-08 20:59:00+00:00,0.85,1.24,1.33,1.0,0.01,0.23,0.34,2.39,1.03,57449049415.00,8233582778.17,2.3266,133660371715.95
2025-01-08 21:04:00+00:00,0.85,1.23,1.33,0.99,0.04,0.08,0.42,1.99,0.93,57449049415.00,8189132195.10,2.3275,133714858264.20
2025-01-08 21:08:00+00:00,0.85,1.23,1.33,0.99,-0.04,0.01,0.42,1.75,1.02,57449049415.00,8185769554.60,2.3267,133665328123.06
2025-01-08 21:14:00+00:00,0.85,1.23,1.33,0.99,-0.08,-0.07,0.92,1.49,1.22,57449049415.00,8180364497.10,2.3249,133561937694.67
2025-01-08 21:18:00+00:00,0.85,1.23,1.33,1.0,-0.08,-0.2,0.93,1.2,0.81,57449049415.00,8173947260.39,2.3230,133451892442.32
2025-01-08 21:25:00+00:00,0.85,1.22,1.33,1.0,0.26,0.1,0.74,1.57,0.72,57449049415.00,8166885890.31,2.3290,133796938490.69
2025-01-08 21:26:00+00:00,0.85,1.22,1.33,1.0,0.07,0.24,0.79,1.64,0.79,57449049415.00,8169057164.88,2.3305,133886108598.00
2025-01-08 21:29:00+00:00,0.85,1.23,1.34,1.0,0.32,0.65,1.06,2.03,1.32,57449049415.00,8188045058.97,2.3380,134315129078.74
2025-01-08 21:30:00+00:00,0.85,1.23,1.34,1.0,-0.11,0.28,0.96,1.93,1.21,57449049415.00,8189913609.18,2.3355,134169674731.27
2025-01-08 21:31:00+00:00,0.85,1.23,1.34,1.0,-0.17,0.04,0.7,1.75,1.04,57449049415.00,8192961982.18,2.3314,133935004901.36
2025-01-08 21:31:00+00:00,0.85,1.23,1.33,1.0,0.0,-0.28,0.7,1.75,1.04,57449049415.00,8192961982.18,2.3314,133935004901.36
2025-01-08 21:33:00+00:00,0.85,1.23,1.33,1.0,-0.02,-0.19,0.68,1.62,1.02,57449049415.00,8193539406.82,2.3310,133913222433.33
2025-01-08 21:34:00+00:00,0.85,1.23,1.33,1.0,-0.04,-0.05,0.65,1.49,0.98,57449049415.00,8193293985.88,2.3302,133865348282.41
2025-01-08 21:35:00+00:00,0.85,1.22,1.33,1.0,0.01,-0.04,0.64,1.51,0.94,57449049415.00,8191559238.46,2.3304,133880732111.55
2025-01-08 21:35:00+00:00,0.85,1.22,1.33,1.0,0.0,-0.02,0.64,1.51,0.94,57449049415.00,8191559238.46,2.3304,133880732111.55
2025-01-08 21:36:00+00:00,0.85,1.22,1.33,1.0,0.04,0.06,0.71,1.54,0.81,57449049415.00,8191864716.66,2.3315,133939797926.60
2025-01-08 21:37:00+00:00,0.85,1.22,1.33,1.0,0.24,0.29,0.99,1.85,1.03,57449049415.00,8195067930.58,2.3371,134266926664.38
2025-01-08 21:37:00+00:00,0.85,1.22,1.33,1.0,0.0,0.29,0.99,1.85,1.03,57449049415.00,8195067930.58,2.3371,134266926664.38
2025-01-08 21:40:00+00:00,0.85,1.22,1.33,1.0,-0.12,0.13,0.72,2.02,0.9,57449049415.00,8200749454.77,2.3344,134109734978.93
2025-01-08 21:45:00+00:00,0.85,1.23,1.34,1.01,0.63,0.52,1.21,2.83,1.45,57449049415.00,8240954032.05,2.3492,134960599976.37
2025-01-08 21:50:00+00:00,0.85,1.23,1.34,1.01,-0.22,0.29,0.78,2.71,1.25,57449049415.00,8265007866.44,2.3440,134659951229.86
2025-01-08 21:54:00+00:00,0.85,1.23,1.34,1.01,-0.17,0.24,0.59,2.56,0.8,57449049415.00,8272337239.41,2.3401,134434306261.58
2025-01-08 21:59:00+00:00,0.85,1.23,1.34,1.01,0.03,-0.36,0.61,2.73,1.03,57449049415.00,8273190991.32,2.3409,134481286597.45
2025-01-08 22:04:00+00:00,0.85,1.23,1.33,1.0,0.22,0.09,0.79,3.34,1.38,57449049415.00,8246439120.40,2.3460,134776872174.87
2025-01-08 22:08:00+00:00,0.85,1.23,1.33,1.0,0.32,0.58,1.16,3.24,1.94,57449049415.00,8260286566.09,2.3536,135213538373.73
2025-01-08 22:14:00+00:00,0.85,1.23,1.34,1.0,0.17,0.72,1.41,3.27,2.5,57449049415.00,8281219243.05,2.3576,135443124544.47
2025-01-08 22:19:00+00:00,0.85,1.23,1.34,1.0,-0.09,0.41,1.39,3.15,2.49,57449049415.00,8283139927.04,2.3556,135325566454.48
2025-01-08 22:24:00+00:00,0.85,1.23,1.34,1.0,0.07,0.16,1.35,3.26,2.28,57449049415.00,8293858377.00,2.3573,135426910640.40
2025-01-08 22:28:00+00:00,0.85,1.23,1.33,1.0,0.04,0.03,0.85,3.37,2.21,57449049415.00,8294013360.05,2.3583,135482776012.22
2025-01-08 22:34:00+00:00,0.85,1.24,1.34,1.0,0.15,0.26,1.36,3.48,2.1,57449049415.00,8317227483.95,2.3618,135682281221.49
2025-01-08 22:40:00+00:00,0.85,1.24,1.34,1.01,0.4,0.59,1.57,3.45,2.46,57449049415.00,8343698904.38,2.3711,136219961977.79
2025-01-08 22:44:00+00:00,0.85,1.24,1.34,1.01,0.37,0.92,1.3,3.81,2.67,57449049415.00,8384152427.99,2.3800,136727189740.08
2025-01-08 22:49:00+00:00,0.85,1.25,1.35,1.01,0.13,0.9,1.64,3.95,2.56,57449049415.00,8429941068.44,2.3830,136898671987.40
2025-01-08 22:54:00+00:00,0.85,1.25,1.34,1.01,-0.13,0.37,1.7,3.82,2.0,57449049415.00,8452282643.64,2.3799,136722751060.16
2025-01-08 22:58:00+00:00,0.85,1.26,1.34,1.01,0.63,0.63,2.32,4.53,2.07,57449049415.00,8475356278.69,2.3949,137584330383.23
2025-01-08 23:04:00+00:00,0.85,1.26,1.34,1.01,-0.39,0.11,1.69,4.3,2.45,57449049415.00,8481526654.58,2.3856,137049845587.04
2025-01-08 23:09:00+00:00,0.85,1.26,1.34,1.01,-0.15,0.08,1.19,4.23,2.21,57449049415.00,8486150951.61,2.3819,136837534579.62
2025-01-08 23:14:00+00:00,0.85,1.26,1.33,1.01,-0.08,-0.63,0.94,4.35,2.0,57449049415.00,8488111622.74,2.3799,136723013225.11
2025-01-08 23:19:00+00:00,0.85,1.26,1.33,1.0,-0.24,-0.48,0.79,4.0,2.19,57449049415.00,8491756490.17,2.3741,136389234812.31
2025-01-08 23:23:00+00:00,0.85,1.26,1.34,1.0,-0.08,-0.41,0.63,3.67,2.03,57449049415.00,8499884836.12,2.3721,136275080466.95
2025-01-08 23:30:00+00:00,0.85,1.26,1.34,1.0,-0.03,-0.36,0.56,3.58,1.87,57449049415.00,8509436269.53,2.3713,136229938311.43
2025-01-08 23:35:00+00:00,0.85,1.26,1.34,1.0,-0.19,-0.3,0.18,3.42,1.9,57449049415.00,8515381613.42,2.3669,135973457609.40
2025-01-08 23:39:00+00:00,0.85,1.26,1.34,1.0,0.32,0.1,0.18,3.8,2.54,57449049415.00,8523395004.38,2.3744,136407125443.33
2025-01-08 23:42:00+00:00,0.85,1.26,1.34,1.0,0.2,0.33,0.24,4.06,2.71,57449049415.00,8538418346.97,2.3791,136676351728.86
2025-01-08 23:49:00+00:00,0.85,1.26,1.34,1.0,0.18,0.7,0.02,4.54,2.9,57449049415.00,8547655823.52,2.3834,136922182172.17
2025-01-08 23:54:00+00:00,0.85,1.26,1.34,1.0,-0.23,0.15,-0.08,4.4,2.67,57449049415.00,8549690066.29,2.3779,136607297272.31
2025-01-09 00:08:00+00:00,0.88,1.25,1.32,1.0,-0.04,-0.09,-0.18,4.28,1.22,57449049415.00,8485576185.53,2.3768,136547265038.21
2025-01-09 00:14:00+00:00,0.88,1.25,1.33,1.0,0.06,-0.21,-0.06,3.71,-0.16,57449049415.00,8483269874.09,2.3784,136634388917.19
2025-01-09 00:19:00+00:00,0.88,1.24,1.32,0.99,-0.23,-0.21,-0.05,2.7,-1.05,57449049415.00,8449024499.89,2.3730,136324255726.84
2025-01-09 00:25:00+00:00,0.88,1.24,1.33,0.99,0.04,-0.12,0.04,3.01,-2.37,57449049415.00,8422033586.22,2.3740,136385563907.83
2025-01-09 00:30:00+00:00,0.88,1.24,1.33,0.99,-0.14,-0.32,-0.02,2.81,-2.62,57449049415.00,8399542664.33,2.3708,136201101308.26
2025-01-09 00:35:00+00:00,0.88,1.23,1.33,0.99,-0.07,-0.16,0.1,2.68,-2.38,57449049415.00,8392800259.63,2.3693,136111976573.42
2025-01-09 00:39:00+00:00,0.88,1.23,1.33,0.99,-0.19,-0.39,-0.41,2.32,-2.6,57449049415.00,8393352173.40,2.3648,135852751648.07
2025-01-09 00:43:00+00:00,0.88,1.23,1.33,0.99,0.03,-0.22,-0.62,1.73,-2.68,57449049415.00,8380786609.46,2.3655,135895961396.43
2025-01-09 00:48:00+00:00,0.88,1.23,1.33,0.99,0.23,0.07,-0.46,1.79,-1.77,57449049415.00,8344241573.41,2.3710,136211515005.42
2025-01-09 00:52:00+00:00,0.88,1.22,1.33,0.99,-0.07,0.19,-0.38,1.88,-1.41,57449049415.00,8336677842.97,2.3693,136116793070.21
2025-01-09 00:58:00+00:00,0.88,1.22,1.33,0.99,0.09,0.26,-0.15,2.01,-0.61,57449049415.00,8326929570.54,2.3716,136244898098.34
2025-01-09 01:04:00+00:00,0.88,1.22,1.33,0.99,0.25,0.28,0.2,2.3,-0.15,57449049415.00,8289470134.63,2.3776,136588585122.52
2025-01-09 01:09:00+00:00,0.88,0.99,1.33,0.99,0.05,0.4,0.08,2.48,-0.45,57449049415.00,8290906329.63,2.3787,136654712339.75
2025-01-09 01:13:00+00:00,0.88,0.99,1.33,1.0,-0.14,0.16,-0.13,2.51,-0.67,57449049415.00,8298614675.20,2.3753,136461551304.29
2025-01-09 01:19:00+00:00,0.88,0.99,1.33,1.0,0.31,0.22,0.41,2.85,-0.64,57449049415.00,8294635419.08,2.3827,136886024534.63
2025-01-09 01:23:00+00:00,0.88,0.99,1.33,1.0,0.09,0.26,0.51,2.74,-0.62,57449049415.00,8294748169.38,2.3849,137008424714.31
2025-01-09 01:30:00+00:00,0.88,0.99,1.34,1.0,0.18,0.58,0.77,3.12,-0.26,57449049415.00,8309544843.47,2.3891,137250100810.15
2025-01-09 01:33:00+00:00,0.88,0.99,1.34,1.0,-0.12,0.14,0.66,2.99,0.3,57449049415.00,8310480130.32,2.3861,137080554818.35
2025-01-09 01:39:00+00:00,0.88,0.99,1.33,1.0,-0.13,-0.08,0.77,2.71,-0.43,57449049415.00,8299934466.88,2.3829,136895754261.10
2025-01-09 01:43:00+00:00,0.88,0.99,1.33,1.0,-0.11,-0.37,0.63,2.9,-0.61,57449049415.00,8299023239.52,2.3803,136746146204.08
2025-01-09 01:48:00+00:00,0.88,0.99,1.33,1.0,-0.04,-0.29,0.35,3.02,-0.69,57449049415.00,8295558567.86,2.3793,136689758392.89
2025-01-09 01:54:00+00:00,0.88,0.99,1.33,1.0,-0.17,-0.32,0.21,3.1,-0.53,57449049415.00,8286473236.24,2.3752,136454417277.55
2025-01-09 01:58:00+00:00,0.88,0.99,1.33,1.0,-0.13,-0.34,0.02,2.09,-0.86,57449049415.00,8281751190.31,2.3721,136276444883.07
2025-01-09 02:03:00+00:00,0.88,0.98,1.32,0.99,0.11,-0.2,-0.04,1.63,-0.63,57449049415.00,8225401786.88,2.3746,136420911068.22
2025-01-09 02:10:00+00:00,0.88,0.98,1.32,0.99,-0.62,-0.64,-0.74,0.93,-1.35,57449049415.00,8212375080.63,2.3600,135579019814.60
2025-01-09 02:15:00+00:00,0.88,0.98,1.34,1.0,-0.47,-0.98,-1.14,0.3,-1.86,57449049415.00,8250742973.40,2.3489,134942461397.17
2025-01-09 02:19:00+00:00,0.88,0.99,1.34,1.0,0.48,-0.61,-0.95,0.9,-1.34,57449049415.00,8292095126.02,2.3602,135589160852.30
2025-01-09 03:26:00+00:00,0.88,0.98,1.32,0.99,-0.37,-0.36,-0.43,0.45,-2.38,57449049415.00,8181598302.18,2.3515,135093624405.71
2025-01-09 03:26:00+00:00,0.88,0.98,1.32,0.99,0.0,0.11,-0.43,0.45,-2.38,57449049415.00,8181598302.18,2.3515,135093624405.71
2025-01-09 03:27:00+00:00,0.88,0.98,1.33,0.99,-0.05,-0.42,-0.46,0.41,-2.42,57449049415.00,8180634468.07,2.3503,135021062122.90
2025-01-09 03:28:00+00:00,0.88,0.98,1.33,1.0,-0.1,-0.16,-0.49,0.24,-2.54,57449049415.00,8180295983.26,2.3478,134879819600.53
2025-01-09 03:28:00+00:00,0.88,0.98,1.33,1.0,0.0,-0.16,-0.49,0.24,-2.54,57449049415.00,8180295983.26,2.3478,134879819600.53
2025-01-09 03:28:00+00:00,0.88,0.98,1.33,1.0,0.0,-0.1,-0.49,0.24,-2.54,57449049415.00,8180295983.26,2.3478,134879819600.53
2025-01-09 03:28:00+00:00,0.88,0.98,1.33,1.0,0.0,0.0,-0.49,0.24,-2.54,57449049415.00,8180295983.26,2.3478,134879819600.53
2025-01-09 03:30:00+00:00,0.88,0.98,1.33,1.0,-0.02,-0.02,-0.5,0.26,-2.56,57449049415.00,8176021708.56,2.3474,134854863931.84
2025-01-09 03:30:00+00:00,0.88,0.98,1.33,1.0,0.0,-0.02,-0.5,0.26,-2.56,57449049415.00,8176021708.56,2.3474,134854863931.84
2025-01-09 03:31:00+00:00,0.88,0.98,1.33,1.0,-0.06,-0.08,-0.45,0.34,-2.63,57449049415.00,8174831520.91,2.3460,134773130227.66
2025-01-09 03:31:00+00:00,0.88,0.98,1.33,1.0,0.0,-0.06,-0.45,0.34,-2.63,57449049415.00,8174831520.91,2.3460,134773130227.66
2025-01-09 03:31:00+00:00,0.88,0.98,1.33,1.0,0.0,-0.06,-0.45,0.34,-2.63,57449049415.00,8174831520.91,2.3460,134773130227.66
2025-01-09 03:31:00+00:00,0.88,0.98,1.33,1.0,0.0,0.0,-0.45,0.34,-2.63,57449049415.00,8174831520.91,2.3460,134773130227.66
2025-01-09 03:32:00+00:00,0.88,0.98,1.33,1.0,-0.02,-0.02,-0.4,0.35,-2.67,57449049415.00,8174380982.45,2.3455,134749065733.70
2025-01-09 03:34:00+00:00,0.88,0.98,1.33,1.0,0.06,0.04,-0.07,0.64,-2.71,57449049415.00,8175732743.99,2.3469,134826041674.59
2025-01-09 03:38:00+00:00,0.88,0.98,1.34,1.0,0.31,0.35,0.09,0.94,-2.55,57449049415.00,8203470608.25,2.3542,135248890580.96
2025-01-09 03:43:00+00:00,0.88,0.98,1.34,1.0,0.11,0.49,0.06,1.43,-2.46,57449049415.00,8202300856.94,2.3569,135403302683.59
2025-01-09 03:49:00+00:00,0.88,0.98,1.33,1.0,-0.13,0.3,-0.15,1.53,-2.7,57449049415.00,8191278843.60,2.3539,135228824010.04
2025-01-09 03:55:00+00:00,0.88,0.98,1.33,1.0,-0.14,-0.16,-0.41,1.19,-2.77,57449049415.00,8181727588.03,2.3505,135036861646.40
2025-01-09 03:59:00+00:00,0.88,0.98,1.33,1.0,0.01,-0.26,-0.33,1.2,-2.82,57449049415.00,8177002421.99,2.3509,135054747764.97
2025-01-09 04:04:00+00:00,0.88,0.97,1.33,1.0,-0.05,-0.18,-0.2,1.41,-2.78,57449049415.00,8154974762.32,2.3497,134989032762.02
2025-01-09 04:08:00+00:00,0.88,0.97,1.33,0.99,-0.06,-0.1,-0.05,1.26,-2.7,57449049415.00,8140335589.58,2.3482,134901359832.11
2025-01-09 04:14:00+00:00,0.88,0.97,1.33,1.0,-0.16,-0.27,-0.24,0.67,-2.85,57449049415.00,8139916885.27,2.3445,134690244746.57
2025-01-09 04:18:00+00:00,0.88,0.97,1.33,1.0,-0.13,-0.35,-0.37,0.63,-2.79,57449049415.00,8139910519.56,2.3414,134510794401.81
2025-01-09 04:23:00+00:00,0.88,0.97,1.33,1.0,0.13,-0.16,-0.28,1.09,-2.72,57449049415.00,8146414609.37,2.3444,134681633350.76
2025-01-09 04:29:00+00:00,0.88,0.97,1.33,1.0,0.15,0.14,0.0,1.35,-2.61,57449049415.00,8137084183.70,2.3478,134879770322.39
2025-01-09 04:34:00+00:00,0.88,0.97,1.33,1.0,0.29,0.57,0.33,1.73,-2.3,57449049415.00,8143541238.36,2.3547,135275372066.66
2025-01-09 04:39:00+00:00,0.88,0.97,1.33,1.0,-0.09,0.35,-0.07,1.93,-2.33,57449049415.00,8134759957.71,2.3526,135153397975.09
2025-01-09 04:43:00+00:00,0.88,0.97,1.33,1.0,0.16,0.36,-0.03,1.95,-2.37,57449049415.00,8129853377.32,2.3563,135366339370.78
2025-01-09 04:50:00+00:00,0.88,0.97,1.33,1.0,-0.05,0.01,0.06,2.02,-2.59,57449049415.00,8125969430.93,2.3550,135291904665.37
2025-01-09 04:54:00+00:00,0.88,0.97,1.33,1.0,-0.01,0.09,0.16,1.92,-2.64,57449049415.00,8117935845.73,2.3548,135280172279.49
2025-01-09 04:59:00+00:00,0.88,0.97,1.33,1.0,0.21,0.15,0.38,2.13,-2.12,57449049415.00,8116159675.88,2.3597,135564896563.92
2025-01-09 05:04:00+00:00,0.88,0.97,1.33,1.0,0.15,0.35,0.58,2.3,-1.06,57449049415.00,8101273737.66,2.3633,135766730611.23
2025-01-09 06:29:00+00:00,0.88,0.95,1.31,0.98,-0.66,-0.3,-0.53,2.23,-0.28,57449049415.00,7966136177.34,2.3476,134867575937.65
2025-01-09 06:29:00+00:00,0.88,0.95,1.32,0.98,0.0,-0.51,-0.53,2.23,-0.28,57449049415.00,7966136177.34,2.3476,134867575937.65
2025-01-09 06:29:00+00:00,0.88,0.95,1.33,0.99,0.0,-0.66,-0.53,2.23,-0.28,57449049415.00,7966136177.34,2.3476,134867575937.65
2025-01-09 06:29:00+00:00,0.88,0.95,1.33,0.99,0.0,0.0,-0.53,2.23,-0.28,57449049415.00,7966136177.34,2.3476,134867575937.65
2025-01-09 06:31:00+00:00,0.88,0.95,1.33,0.99,0.08,0.08,-0.44,2.4,-0.0,57449049415.00,7966740190.66,2.3494,134972458042.55
2025-01-09 06:31:00+00:00,0.88,0.95,1.33,0.99,0.0,0.08,-0.44,2.4,-0.0,57449049415.00,7966740190.66,2.3494,134972458042.55
2025-01-09 06:31:00+00:00,0.88,0.95,1.33,1.0,0.0,0.08,-0.44,2.4,-0.0,57449049415.00,7966740190.66,2.3494,134972458042.55
2025-01-09 06:31:00+00:00,0.88,0.95,1.33,1.0,0.0,0.0,-0.44,2.4,-0.0,57449049415.00,7966740190.66,2.3494,134972458042.55
2025-01-09 06:31:00+00:00,0.88,0.95,1.33,1.0,0.0,0.0,-0.44,2.4,-0.0,57449049415.00,7966740190.66,2.3494,134972458042.55
2025-01-09 06:32:00+00:00,0.88,0.95,1.33,1.0,-0.0,-0.0,-0.45,2.39,-0.03,57449049415.00,7966007905.39,2.3494,134969467848.48
2025-01-09 06:32:00+00:00,0.88,0.95,1.33,1.0,0.0,-0.0,-0.45,2.39,-0.03,57449049415.00,7966007905.39,2.3494,134969467848.48
2025-01-09 06:34:00+00:00,0.88,0.95,1.33,1.0,-0.01,-0.01,-0.39,2.28,-0.14,57449049415.00,7963010130.99,2.3491,134954479006.63
2025-01-09 06:34:00+00:00,0.88,0.95,1.33,1.0,0.0,-0.01,-0.39,2.28,-0.14,57449049415.00,7963010130.99,2.3491,134954479006.63
2025-01-09 06:35:00+00:00,0.88,0.95,1.33,1.0,-0.02,-0.03,-0.4,2.21,-0.15,57449049415.00,7951529197.01,2.3487,134930753618.83
2025-01-09 06:36:00+00:00,0.88,0.95,1.33,1.0,-0.01,-0.03,-0.38,2.17,-0.09,57449049415.00,7948537756.56,2.3484,134910989316.35
2025-01-09 06:36:00+00:00,0.88,0.95,1.33,1.0,0.0,-0.03,-0.38,2.17,-0.09,57449049415.00,7948537756.56,2.3484,134910989316.35
2025-01-09 06:36:00+00:00,0.88,0.95,1.33,1.0,0.0,-0.01,-0.38,2.17,-0.09,57449049415.00,7948537756.56,2.3484,134910989316.35
2025-01-09 06:37:00+00:00,0.88,0.95,1.33,1.0,-0.08,-0.08,-0.36,2.02,-0.21,57449049415.00,7945906833.21,2.3466,134807687636.46
2025-01-09 06:39:00+00:00,0.88,0.95,1.33,1.0,-0.03,-0.11,-0.37,2.12,-0.46,57449049415.00,7935367860.46,2.3458,134762387103.83
2025-01-09 06:42:00+00:00,0.88,0.95,1.33,1.0,-0.07,-0.18,-0.39,2.3,-0.35,57449049415.00,7918197406.73,2.3440,134661942891.83
2025-01-09 06:49:00+00:00,0.88,0.95,1.33,0.99,-0.02,-0.12,-0.27,2.45,-0.34,57449049415.00,7895966182.15,2.3436,134640435879.92
2025-01-09 06:53:00+00:00,0.88,0.95,1.33,0.99,-0.14,-0.23,-0.44,2.57,-0.37,57449049415.00,7879253139.31,2.3405,134457940690.65
2025-01-09 06:58:00+00:00,0.88,0.94,1.33,0.99,-0.31,-0.46,-0.71,2.76,-0.68,57449049415.00,7862864628.31,2.3332,134040779475.66
2025-01-09 07:05:00+00:00,0.88,0.94,1.32,0.99,0.06,-0.38,-0.55,2.74,-0.61,57449049415.00,7805161702.36,2.3346,134122943103.70
2025-01-09 07:10:00+00:00,0.88,0.93,1.32,0.99,-0.1,-0.35,-0.6,2.05,-0.79,57449049415.00,7782987601.27,2.3323,133986897003.61
2025-01-09 07:13:00+00:00,0.88,0.93,1.33,0.99,-0.0,-0.04,-0.56,2.0,-0.88,57449049415.00,7770875965.40,2.3322,133981337316.19
2025-01-09 07:19:00+00:00,0.88,0.93,1.33,0.99,-0.54,-0.65,-1.41,1.93,-1.68,57449049415.00,7766965061.34,2.3195,133253365084.52
2025-01-09 07:24:00+00:00,0.88,0.93,1.33,0.99,-0.15,-0.69,-1.49,1.51,-1.85,57449049415.00,7775460391.16,2.3161,133058130579.53
2025-01-09 07:29:00+00:00,0.88,0.94,1.34,1.0,-0.33,-1.02,-1.67,1.5,-1.96,57449049415.00,7790809625.56,2.3085,132619172569.32
2025-01-09 07:34:00+00:00,0.88,0.94,1.34,1.0,-0.22,-0.69,-1.94,0.99,-2.09,57449049415.00,7806377014.96,2.3035,132333908984.60
2025-01-09 07:40:00+00:00,0.88,0.94,1.34,1.0,0.26,-0.28,-1.47,1.71,-1.89,57449049415.00,7814644245.48,2.3096,132684439593.86
2025-01-09 07:45:00+00:00,0.88,0.94,1.34,1.01,0.08,0.13,-1.38,1.68,-2.04,57449049415.00,7834570713.59,2.3115,132793122962.51
2025-01-09 07:48:00+00:00,0.88,0.94,1.34,1.01,-0.09,0.26,-1.5,1.51,-2.38,57449049415.00,7837573271.82,2.3094,132672647511.85
2025-01-09 07:53:00+00:00,0.88,0.94,1.33,1.0,-0.11,-0.12,-1.44,1.1,-2.51,57449049415.00,7838696357.66,2.3069,132526598009.14
2025-01-09 07:58:00+00:00,0.88,0.94,1.33,1.0,0.16,-0.04,-0.97,0.94,-2.33,57449049415.00,7837074234.88,2.3106,132742334189.76
2025-01-09 08:04:00+00:00,0.88,0.94,1.33,1.0,0.13,0.18,-0.88,0.72,-2.37,57449049415.00,7818770654.93,2.3136,132915395059.79
2025-01-09 08:09:00+00:00,0.88,0.94,1.33,1.0,-0.28,0.02,-1.17,0.26,-2.81,57449049415.00,7808563836.87,2.3072,132548655238.99
2025-01-09 08:14:00+00:00,0.88,0.94,1.33,1.0,0.06,-0.08,-0.99,0.13,-2.77,57449049415.00,7818942168.90,2.3087,132634329861.78
2025-01-09 08:19:00+00:00,0.88,0.94,1.33,1.0,0.01,-0.2,-0.46,-0.31,-2.65,57449049415.00,7815670302.33,2.3089,132644927605.90
2025-01-09 08:24:00+00:00,0.88,0.94,1.33,1.0,-0.05,0.02,-0.36,-0.34,-2.62,57449049415.00,7793449518.24,2.3077,132574017909.10
2025-01-09 08:29:00+00:00,0.88,0.94,1.33,1.0,0.1,0.05,0.07,-0.39,-2.79,57449049415.00,7783152265.30,2.3100,132706598520.85
2025-01-09 08:34:00+00:00,0.88,0.94,1.33,1.0,0.01,0.06,0.29,-0.45,-2.82,57449049415.00,7778276967.61,2.3102,132719698262.48
2025-01-09 08:39:00+00:00,0.88,0.94,1.33,1.0,0.43,0.54,0.65,-0.31,-2.29,57449049415.00,7770369800.81,2.3202,133291965767.99
2025-01-09 08:42:00+00:00,0.88,0.94,1.33,1.0,0.35,0.8,0.74,-0.09,-2.03,57449049415.00,7772358462.58,2.3284,133765110425.56
2025-01-09 08:50:00+00:00,0.88,0.93,1.33,1.0,-0.3,0.49,0.63,-0.22,-2.24,57449049415.00,7756397007.34,2.3215,133366080641.72
2025-01-09 08:54:00+00:00,0.88,0.93,1.33,1.0,-0.0,0.05,0.62,-0.16,-2.25,57449049415.00,7753184922.58,2.3214,133360446622.26
2025-01-09 08:59:00+00:00,0.88,0.93,1.33,1.0,-0.15,-0.45,0.31,-0.42,-2.47,57449049415.00,7745640911.08,2.3178,133156713103.08
2025-01-09 09:03:00+00:00,0.88,0.93,1.33,1.0,0.02,-0.14,0.26,-0.28,-2.76,57449049415.00,7728600203.68,2.3182,133177444993.77
2025-01-09 09:08:00+00:00,0.88,0.93,1.33,1.0,0.25,0.11,0.73,-0.05,-2.5,57449049415.00,7722725198.14,2.3239,133504085551.43
2025-01-09 09:14:00+00:00,0.88,0.93,1.33,1.0,-0.16,0.1,0.49,-0.34,-2.96,57449049415.00,7719385613.75,2.3201,133286944716.11
2025-01-09 09:19:00+00:00,0.88,0.93,1.33,1.0,-0.12,-0.04,0.36,-0.55,-3.13,57449049415.00,7726444898.66,2.3172,133120514224.38
2025-01-09 09:24:00+00:00,0.88,0.93,1.33,1.0,-0.09,-0.37,0.33,-0.6,-3.13,57449049415.00,7724637597.37,2.3152,133006081024.60
2025-01-09 09:28:00+00:00,0.88,0.93,1.33,1.0,0.04,-0.17,0.28,-0.51,-3.18,57449049415.00,7727902494.69,2.3162,133061191810.50
2025-01-09 09:34:00+00:00,0.88,0.93,1.33,1.0,0.07,0.03,0.33,-0.12,-3.46,57449049415.00,7727913412.79,2.3178,133157874943.54
2025-01-09 09:39:00+00:00,0.88,0.93,1.33,1.0,0.1,0.21,-0.0,0.2,-3.34,57449049415.00,7723638693.11,2.3202,133291828742.04
2025-01-09 09:43:00+00:00,0.88,0.93,1.33,1.0,0.01,0.18,-0.32,0.09,-3.46,57449049415.00,7719199852.34,2.3204,133306120337.65
2025-01-09 09:50:00+00:00,0.88,0.93,1.33,1.0,-0.11,0.0,-0.15,-0.09,-3.42,57449049415.00,7715647544.73,2.3179,133162576001.74
2025-01-09 09:55:00+00:00,0.88,0.93,1.33,1.0,0.08,-0.01,-0.1,0.12,-3.38,57449049415.00,7719907085.53,2.3199,133275717996.44
2025-01-09 09:59:00+00:00,0.88,0.93,1.33,1.0,-0.07,-0.09,0.02,0.27,-3.45,57449049415.00,7716791019.56,2.3184,133187447104.88
2025-01-09 10:04:00+00:00,0.88,0.93,1.33,1.0,0.04,0.06,0.04,0.14,-3.24,57449049415.00,7698451184.46,2.3193,133239355445.06
2025-01-09 10:09:00+00:00,0.88,0.93,1.33,1.0,-0.11,-0.14,-0.31,-0.02,-3.24,57449049415.00,7694629642.34,2.3167,133090733562.50
2025-01-09 10:13:00+00:00,0.88,0.93,1.33,1.0,0.04,-0.04,-0.18,0.21,-3.09,57449049415.00,7692255101.86,2.3175,133138612384.14
2025-01-09 10:19:00+00:00,0.88,0.93,1.33,1.0,-0.27,-0.35,-0.26,-0.46,-3.21,57449049415.00,7686815968.10,2.3112,132775901410.33
2025-01-09 10:24:00+00:00,0.88,0.93,1.33,1.0,-0.07,-0.31,-0.25,-0.67,-3.28,57449049415.00,7685341107.83,2.3095,132679611605.41
2025-01-09 10:29:00+00:00,0.88,0.93,1.33,1.0,-0.12,-0.46,-0.4,-1.05,-3.33,57449049415.00,7678104049.74,2.3068,132523500670.84
2025-01-09 10:33:00+00:00,0.88,0.93,1.33,1.0,-0.16,-0.35,-0.61,-1.31,-3.7,57449049415.00,7669075497.92,2.3032,132313868924.19
2025-01-09 10:39:00+00:00,0.88,0.93,1.33,1.0,-0.37,-0.65,-1.1,-1.41,-4.21,57449049415.00,7678853460.65,2.2946,131822696566.66
2025-01-09 10:44:00+00:00,0.88,0.93,1.34,1.0,0.13,-0.4,-0.97,-1.29,-4.09,57449049415.00,7686895646.34,2.2976,131996946463.59
2025-01-09 10:48:00+00:00,0.88,0.93,1.34,1.0,-0.12,-0.36,-1.02,-1.23,-4.06,57449049415.00,7690157539.08,2.2950,131843964011.45
2025-01-09 10:55:00+00:00,0.88,0.96,1.38,1.03,0.35,0.37,-0.73,-1.07,-3.88,57449049415.00,7940390552.31,2.3030,132305198039.30
2025-01-09 10:59:00+00:00,0.88,0.96,1.36,1.03,0.02,0.25,-0.64,-1.06,-3.8,57449049415.00,7955732315.96,2.3034,132330505546.76
2025-01-09 11:04:00+00:00,0.88,0.96,1.35,1.02,-0.25,0.12,-0.93,-1.29,-3.83,57449049415.00,7942208342.52,2.2977,131999253126.75
2025-01-09 11:08:00+00:00,0.88,0.96,1.33,1.02,0.21,-0.02,-0.62,-1.09,-3.7,57449049415.00,7950732139.93,2.3025,132276441958.47
2025-01-09 11:14:00+00:00,0.88,0.96,1.33,1.02,0.05,0.01,-0.59,-0.73,-3.74,57449049415.00,7957882454.61,2.3036,132341178479.23
2025-01-09 11:19:00+00:00,0.88,0.96,1.33,1.01,0.06,0.32,-0.27,-0.66,-3.74,57449049415.00,7958468139.14,2.3050,132418752433.99
2025-01-09 11:23:00+00:00,0.88,0.96,1.33,1.01,0.19,0.3,0.0,-0.49,-3.54,57449049415.00,7964212339.51,2.3093,132669269836.34
2025-01-09 11:29:00+00:00,0.88,0.96,1.33,1.0,-0.04,0.21,0.07,-0.64,-3.68,57449049415.00,7963111954.73,2.3085,132618612573.23
2025-01-09 11:33:00+00:00,0.88,0.96,1.33,1.0,-0.0,0.15,0.23,-0.51,-3.6,57449049415.00,7965442459.51,2.3084,132613477117.24
2025-01-09 11:39:00+00:00,0.88,0.96,1.33,1.0,-0.2,-0.24,0.4,-0.34,-4.12,57449049415.00,7942202222.12,2.3038,132350023394.10
2025-01-09 11:43:00+00:00,0.88,0.96,1.33,1.0,-0.08,-0.28,0.23,-0.18,-4.22,57449049415.00,7927121037.92,2.3019,132241174523.63
2025-01-09 11:49:00+00:00,0.88,0.96,1.33,0.99,-0.05,-0.33,0.36,-0.55,-4.57,57449049415.00,7913141929.29,2.3007,132171927845.60
2025-01-09 11:53:00+00:00,0.88,0.96,1.33,0.99,0.01,-0.13,0.06,-0.74,-4.36,57449049415.00,7901152968.59,2.3009,132183921507.51
2025-01-09 11:59:00+00:00,0.88,0.95,1.33,0.99,-0.02,-0.07,-0.13,-0.98,-4.28,57449049415.00,7884085270.32,2.3004,132154931302.71
2025-01-09 12:05:00+00:00,0.88,0.95,1.32,0.99,0.12,0.11,0.24,-0.93,-4.15,57449049415.00,7819849774.48,2.3032,132316724931.96
2025-01-09 12:09:00+00:00,0.88,0.94,1.32,0.99,-0.17,-0.07,-0.13,-1.6,-4.23,57449049415.00,7791204789.80,2.2993,132094142559.53
2025-01-09 12:14:00+00:00,0.88,0.93,1.31,0.98,0.17,0.13,-0.02,-2.54,-4.07,57449049415.00,7694884280.42,2.3033,132320390008.93
2025-01-09 12:19:00+00:00,0.88,0.93,1.31,0.97,-0.05,-0.05,-0.12,-2.17,-4.24,57449049415.00,7642851326.53,2.3021,132254102468.70
2025-01-09 12:23:00+00:00,0.88,0.92,1.32,0.97,0.19,0.31,-0.12,-2.09,-4.07,57449049415.00,7611053766.21,2.3065,132507464714.56
2025-01-09 12:30:00+00:00,0.88,0.92,1.32,0.98,0.09,0.24,0.01,-1.73,-3.96,57449049415.00,7592659129.36,2.3087,132631855606.46
2025-01-09 12:35:00+00:00,0.88,0.92,1.32,0.98,-0.19,0.09,-0.13,-1.35,-4.13,57449049415.00,7566676910.97,2.3042,132376453291.40
2025-01-09 12:39:00+00:00,0.88,0.91,1.33,0.98,-0.1,-0.2,-0.08,-1.36,-4.35,57449049415.00,7546446149.99,2.3018,132238467692.30
2025-01-09 12:43:00+00:00,0.88,0.91,1.33,0.99,-0.39,-0.69,-0.39,-1.72,-4.83,57449049415.00,7546179061.15,2.2928,131719784105.76
2025-01-09 12:49:00+00:00,0.88,0.91,1.33,0.99,-0.06,-0.55,-0.4,-1.27,-5.2,57449049415.00,7542030465.48,2.2915,131645749134.77
2025-01-09 12:54:00+00:00,0.88,0.91,1.33,0.99,0.06,-0.39,-0.35,-1.14,-4.88,57449049415.00,7518768188.70,2.2928,131719850169.70
2025-01-09 12:58:00+00:00,0.88,0.91,1.33,0.99,0.07,0.07,-0.26,-0.9,-4.77,57449049415.00,7510540208.38,2.2944,131808673617.47
2025-01-09 13:05:00+00:00,0.88,0.91,1.32,0.99,0.08,0.21,-0.3,-1.53,-4.6,57449049415.00,7458917018.00,2.2962,131915807314.81
2025-01-09 13:08:00+00:00,0.88,0.9,1.32,0.99,-0.19,-0.04,-0.37,-1.61,-4.81,57449049415.00,7441498778.48,2.2918,131664032292.41
2025-01-09 13:14:00+00:00,0.88,0.9,1.33,0.99,-0.07,-0.17,-0.56,-1.6,-4.84,57449049415.00,7433672792.80,2.2903,131578167906.13
2025-01-09 13:19:00+00:00,0.88,0.9,1.33,0.99,0.02,-0.24,-0.49,-1.74,-4.52,57449049415.00,7422288868.58,2.2907,131600061157.78
2025-01-09 13:24:00+00:00,0.88,0.9,1.33,0.99,-0.06,-0.11,-0.76,-1.65,-4.4,57449049415.00,7409255633.70,2.2893,131519578184.21
2025-01-09 13:29:00+00:00,0.88,0.9,1.33,0.99,-0.02,-0.06,-0.87,-1.81,-4.63,57449049415.00,7407034100.65,2.2889,131494491634.00
2025-01-09 13:34:00+00:00,0.88,0.9,1.33,1.0,-0.38,-0.46,-1.06,-1.8,-4.9,57449049415.00,7407549139.99,2.2801,130991924329.30
2025-01-09 13:40:00+00:00,0.88,0.9,1.34,1.0,-0.73,-1.12,-1.48,-2.71,-6.73,57449049415.00,7442041587.53,2.2636,130040059113.57
2025-01-09 13:43:00+00:00,0.88,0.91,1.34,1.01,-0.35,-1.45,-1.62,-2.89,-7.07,57449049415.00,7472356698.43,2.2557,129587923513.58
2025-01-09 13:49:00+00:00,0.88,0.91,1.35,1.01,-0.34,-1.4,-1.89,-3.13,-7.67,57449049415.00,7523889101.58,2.2481,129151991937.68
2025-01-09 13:54:00+00:00,0.88,0.92,1.35,1.02,-0.15,-0.84,-2.1,-3.25,-7.56,57449049415.00,7562191045.85,2.2447,128954021062.99
2025-01-09 13:59:00+00:00,0.88,0.93,1.35,1.02,-0.05,-0.54,-2.23,-3.21,-7.57,57449049415.00,7615231590.50,2.2435,128887483855.74
2025-01-09 14:04:00+00:00,0.88,0.93,1.34,1.02,-0.02,-0.23,-2.35,-3.35,-7.57,57449049415.00,7609413089.07,2.2430,128857063986.24
2025-01-09 14:09:00+00:00,0.88,0.93,1.34,1.02,0.26,0.19,-1.87,-3.4,-7.25,57449049415.00,7631989554.69,2.2489,129197429781.36
2025-01-09 14:13:00+00:00,0.88,0.93,1.34,1.02,0.71,0.95,-1.1,-2.46,-6.62,57449049415.00,7665352844.38,2.2649,130117967179.06
2025-01-09 14:18:00+00:00,0.88,0.94,1.35,1.02,0.18,1.16,-0.92,-2.46,-6.55,57449049415.00,7711195322.47,2.2689,130348998110.45
2025-01-09 14:24:00+00:00,0.88,0.94,1.35,1.02,0.05,0.94,-0.84,-2.33,-6.4,57449049415.00,7747960418.58,2.2701,130417133914.38
2025-01-09 14:29:00+00:00,0.88,0.94,1.34,1.02,-0.14,0.09,-0.96,-2.5,-6.62,57449049415.00,7763807544.41,2.2669,130228798586.56
2025-01-09 14:33:00+00:00,0.88,0.95,1.34,1.01,0.12,0.03,-0.67,-2.28,-6.49,57449049415.00,7764242243.37,2.2697,130391380826.17
2025-01-09 14:38:00+00:00,0.88,0.94,1.33,1.01,-0.02,-0.04,-0.11,-2.81,-6.6,57449049415.00,7742731500.84,2.2692,130363543193.21
2025-01-09 14:44:00+00:00,0.88,0.94,1.33,1.0,-0.12,-0.01,0.44,-2.37,-6.86,57449049415.00,7723594731.85,2.2666,130212420938.48
2025-01-09 14:49:00+00:00,0.88,0.94,1.33,1.0,-0.12,-0.25,0.7,-2.45,-7.27,57449049415.00,7723611504.97,2.2639,130059609422.55
2025-01-09 14:53:00+00:00,0.88,0.94,1.33,1.0,-0.18,-0.41,0.64,-2.63,-7.27,57449049415.00,7711611506.45,2.2599,129826982859.01
2025-01-09 14:59:00+00:00,0.88,0.94,1.33,1.0,0.29,-0.01,1.02,-2.12,-6.86,57449049415.00,7712821767.83,2.2664,130200296654.30
2025-01-09 15:03:00+00:00,0.88,0.94,1.33,0.99,0.15,0.26,1.27,-2.15,-6.65,57449049415.00,7689999853.73,2.2698,130396015413.80
2025-01-09 15:08:00+00:00,0.88,0.93,1.32,0.99,-0.03,0.41,1.02,-2.91,-6.68,57449049415.00,7652932367.92,2.2692,130363077276.67
2025-01-09 15:15:00+00:00,0.88,0.93,1.32,0.99,0.08,0.2,0.27,-2.3,-6.46,57449049415.00,7633045928.83,2.2710,130465989007.29
2025-01-09 15:19:00+00:00,0.88,0.93,1.33,0.99,0.77,0.83,0.64,-0.98,-5.56,57449049415.00,7630665038.23,2.2885,131471973463.90
2025-01-09 15:23:00+00:00,0.88,0.93,1.33,1.0,0.48,1.33,1.28,-0.24,-5.02,57449049415.00,7643331091.09,2.2994,132098314768.59
2025-01-09 15:29:00+00:00,0.88,0.94,1.34,1.0,0.57,1.83,2.01,0.64,-4.6,57449049415.00,7683935959.02,2.3125,132851130332.52
2025-01-09 15:33:00+00:00,0.88,0.94,1.34,1.01,0.39,1.45,2.29,1.27,-2.66,57449049415.00,7709379165.24,2.3216,133373552727.62
2025-01-10 01:15:00+00:00,0.94,0.72,1.03,0.77,-2.18,-1.24,-0.55,-4.42,-5.28,57449049415.00,5937892390.81,2.2709,130463266860.57
2025-01-10 01:15:00+00:00,0.94,0.72,1.11,0.8,0.0,-1.8,-0.55,-4.42,-5.28,57449049415.00,5937892390.81,2.2709,130463266860.57
2025-01-10 01:15:00+00:00,0.94,0.73,1.21,0.83,0.0,-2.18,-0.55,-4.42,-5.28,57449049415.00,5937892390.81,2.2709,130463266860.57
2025-01-10 01:43:00+00:00,0.94,0.72,1.33,0.85,0.02,0.02,-0.35,-4.57,-6.12,57449049415.00,5909859887.26,2.2714,130492373843.91
2025-01-10 01:43:00+00:00,0.94,0.72,1.33,0.88,0.0,0.02,-0.35,-4.57,-6.12,57449049415.00,5909859887.26,2.2714,130492373843.91
2025-01-10 01:43:00+00:00,0.94,0.72,1.33,0.92,0.0,0.02,-0.35,-4.57,-6.12,57449049415.00,5909859887.26,2.2714,130492373843.91
2025-01-10 01:43:00+00:00,0.94,0.72,1.33,0.96,0.0,0.0,-0.35,-4.57,-6.12,57449049415.00,5909859887.26,2.2714,130492373843.91
2025-01-10 01:48:00+00:00,0.94,0.73,1.34,1.0,0.34,0.34,0.03,-4.21,-6.04,57449049415.00,5928192948.09,2.2791,130934918386.21
2025-01-10 01:48:00+00:00,0.94,0.73,1.34,1.0,0.0,0.34,0.03,-4.21,-6.04,57449049415.00,5928192948.09,2.2791,130934918386.21
2025-01-10 01:48:00+00:00,0.94,0.73,1.33,1.0,0.0,0.34,0.03,-4.21,-6.04,57449049415.00,5928192948.09,2.2791,130934918386.21
2025-01-10 01:48:00+00:00,0.94,0.73,1.33,1.0,0.0,0.0,0.03,-4.21,-6.04,57449049415.00,5928192948.09,2.2791,130934918386.21
2025-01-10 02:15:00+00:00,0.94,0.72,1.32,0.99,0.26,0.26,0.62,-2.72,-5.77,57449049415.00,5847007108.20,2.2851,131276970961.94
2025-01-10 02:15:00+00:00,0.94,0.72,1.32,0.99,0.0,0.26,0.62,-2.72,-5.77,57449049415.00,5847007108.20,2.2851,131276970961.94
2025-01-10 02:15:00+00:00,0.94,0.72,1.33,0.99,0.0,0.26,0.62,-2.72,-5.77,57449049415.00,5847007108.20,2.2851,131276970961.94
2025-01-10 02:15:00+00:00,0.94,0.72,1.33,0.99,0.0,0.0,0.62,-2.72,-5.77,57449049415.00,5847007108.20,2.2851,131276970961.94
2025-01-10 02:38:00+00:00,0.94,0.71,1.31,0.98,0.02,0.02,0.97,-2.83,-6.5,57449049415.00,5756466084.66,2.2855,131300713534.42
2025-01-10 02:38:00+00:00,0.94,0.71,1.32,0.98,0.0,0.02,0.97,-2.83,-6.5,57449049415.00,5756466084.66,2.2855,131300713534.42
2025-01-10 02:38:00+00:00,0.94,0.71,1.33,0.99,0.0,0.02,0.97,-2.83,-6.5,57449049415.00,5756466084.66,2.2855,131300713534.42
2025-01-10 02:38:00+00:00,0.94,0.71,1.33,0.99,0.0,0.0,0.97,-2.83,-6.5,57449049415.00,5756466084.66,2.2855,131300713534.42
2025-01-10 02:38:00+00:00,0.94,0.71,1.33,0.99,0.0,0.0,0.97,-2.83,-6.5,57449049415.00,5756466084.66,2.2855,131300713534.42
2025-01-10 02:38:00+00:00,0.94,0.71,1.33,1.0,0.0,0.0,0.97,-2.83,-6.5,57449049415.00,5756466084.66,2.2855,131300713534.42
2025-01-10 02:38:00+00:00,0.94,0.71,1.33,1.0,0.0,0.0,0.97,-2.83,-6.5,57449049415.00,5756466084.66,2.2855,131300713534.42
2025-01-10 02:38:00+00:00,0.94,0.71,1.33,1.0,0.0,0.0,0.97,-2.83,-6.5,57449049415.00,5756466084.66,2.2855,131300713534.42
2025-01-10 02:39:00+00:00,0.94,0.71,1.33,1.0,-0.01,-0.01,0.94,-2.85,-6.53,57449049415.00,5757264431.28,2.2852,131285002705.19
2025-01-10 02:39:00+00:00,0.94,0.71,1.33,1.0,0.0,-0.01,0.94,-2.85,-6.53,57449049415.00,5757264431.28,2.2852,131285002705.19
2025-01-10 02:39:00+00:00,0.94,0.71,1.33,1.0,0.0,-0.01,0.94,-2.85,-6.53,57449049415.00,5757264431.28,2.2852,131285002705.19
2025-01-10 02:39:00+00:00,0.94,0.71,1.33,1.0,0.0,0.0,0.94,-2.85,-6.53,57449049415.00,5757264431.28,2.2852,131285002705.19
2025-01-10 02:40:00+00:00,0.94,0.71,1.33,1.0,-0.05,-0.05,0.85,-2.87,-6.56,57449049415.00,5756035300.46,2.2841,131221371281.62
2025-01-10 02:40:00+00:00,0.94,0.71,1.33,1.0,0.0,-0.05,0.85,-2.87,-6.56,57449049415.00,5756035300.46,2.2841,131221371281.62
2025-01-10 02:40:00+00:00,0.94,0.71,1.33,1.0,0.0,-0.05,0.85,-2.87,-6.56,57449049415.00,5756035300.46,2.2841,131221371281.62
